client_hash_id,content_hash_id,ai_opportunity_score_within_client,gsc_impressions_sum,word_count,reason_code
client_08d2847f24cf89c1,content_42cee104ce2fbeac,7.87424066933309,2833.0,1349,high_opportunity
client_08d2847f24cf89c1,content_310b314b1b4eeb24,3.9941940431375507,1448.0,1807,high_opportunity
client_08d2847f24cf89c1,content_07f1fdb8d2a0cf9d,2.2209217071405325,863.0,1642,high_opportunity
client_08d2847f24cf89c1,content_907ea9ba9b787a4d,1.733117408950721,696.0,1644,high_opportunity
client_08d2847f24cf89c1,content_c2c87a58f3e2fcdf,1.1634955902488435,10.0,5477,high_opportunity
client_08d2847f24cf89c1,content_a9aa5bdb6a4849b5,1.0062280958940488,2.0,5120,high_opportunity
client_08d2847f24cf89c1,content_21c0eb93c611bf61,0.9687312615321269,2.0,5020,high_opportunity
client_08d2847f24cf89c1,content_b0e1fae196c552f3,0.941432844736536,1.0,4955,high_opportunity
client_08d2847f24cf89c1,content_6e3d9d42f2a511ec,0.9319497674749745,58.0,4485,high_opportunity
client_08d2847f24cf89c1,content_4aaa11326dd2d098,0.9317615469916067,5.0,4898,high_opportunity
client_0e1acc6cd57b0eba,content_2abf26b922d62f2b,4.323888661201584,441.0,1508,high_opportunity
client_0e1acc6cd57b0eba,content_58e1701ea3fca670,2.587815948527977,221.0,1773,high_opportunity
client_0e1acc6cd57b0eba,content_5ac253ff8287ddf7,1.7944694191530814,207.0,1509,high_opportunity
client_0e1acc6cd57b0eba,content_803d94d20a8a1cc1,0.836439012387935,27.0,1916,high_opportunity
client_0fa64a184f18a4a0,content_1478ceb98c064458,7.843487326943617,28204.0,3474,high_opportunity
client_0fa64a184f18a4a0,content_2db2a9dcb3b62a3a,4.9020388788542055,23876.0,2582,high_opportunity
client_0fa64a184f18a4a0,content_474c280cef704f95,4.733167883811373,21084.0,2795,high_opportunity
client_0fa64a184f18a4a0,content_e79f8b4c16bbb7e7,4.228133242108331,16248.0,3067,high_opportunity
client_0fa64a184f18a4a0,content_5b9f20eb3b7f872b,3.783499734659048,17617.0,2722,high_opportunity
client_0fa64a184f18a4a0,content_809ab284e58267ee,3.545997583392068,14360.0,2952,high_opportunity
client_0fa64a184f18a4a0,content_2bed2c9ce7808050,3.4601078213893475,14599.0,2888,high_opportunity
client_0fa64a184f18a4a0,content_bbc8345bb63436e1,3.4540746307893144,18972.0,2431,high_opportunity
client_0fa64a184f18a4a0,content_b8f5b8a603d7b793,2.9319871010737235,12155.0,2901,high_opportunity
client_0fa64a184f18a4a0,content_1c2c41e319bb7a6a,2.6173972895950683,12237.0,2749,high_opportunity
client_157ffe4d4a595515,content_283aba300e9353f3,9.276473157344745,14707.0,3758,high_opportunity
client_157ffe4d4a595515,content_02d34b43420be55b,5.012667125757234,8282.0,3315,high_opportunity
client_157ffe4d4a595515,content_c2fa3de097e893fa,3.8858140111209183,7074.0,2753,high_opportunity
client_157ffe4d4a595515,content_e86cf30ac5bc285c,3.6939188528273315,6536.0,2959,high_opportunity
client_157ffe4d4a595515,content_ea42115fd0c8241d,2.9993398122262946,3890.0,4339,high_opportunity
client_157ffe4d4a595515,content_ed2cda6ccf68f914,2.9140740813127244,4917.0,3281,high_opportunity
client_157ffe4d4a595515,content_d7c29c6248f2638e,2.8229933399120735,5472.0,2643,high_opportunity
client_157ffe4d4a595515,content_d289ede9bf0d7937,2.784290544772718,5287.0,2754,high_opportunity
client_157ffe4d4a595515,content_f9119f7626a7b281,2.713344205937506,4303.0,3543,high_opportunity
client_157ffe4d4a595515,content_63b16db0cd989548,2.680193245808241,4692.0,3141,high_opportunity
client_1a730cb2640a1abf,content_39e19a3ec2d95f9d,9.036539340340306,42166.0,2537,high_opportunity
client_1a730cb2640a1abf,content_d61fc394d10cba41,7.998196838858711,37999.0,2484,high_opportunity
client_1a730cb2640a1abf,content_d69718c64f0f46a9,7.857158181754548,34629.0,2757,high_opportunity
client_1a730cb2640a1abf,content_02413f551a73cbb6,4.041128603455392,17946.0,2699,high_opportunity
client_1a730cb2640a1abf,content_b04497d2d01422cd,3.9726479695094867,18757.0,2587,high_opportunity
client_1a730cb2640a1abf,content_ee55cee883b5c9f2,3.566188265434297,15227.0,2756,high_opportunity
client_1a730cb2640a1abf,content_b453cdd0a6d36583,3.5295371106205295,14791.0,2783,high_opportunity
client_1a730cb2640a1abf,content_b9d46abd9ffa6c8a,3.4546002650264276,15863.0,2642,high_opportunity
client_1a730cb2640a1abf,content_dd80426d6760a054,3.3671619997879523,14857.0,2703,high_opportunity
client_1a730cb2640a1abf,content_87ee1c906e1f8d83,3.3320313020906185,14598.0,2713,high_opportunity
client_20259bd6705d81d4,content_82e35c4845e6c391,9.562454566348741,143907.0,5502,high_opportunity
client_20259bd6705d81d4,content_0ec90963d98b97a5,7.5403500806971415,130338.0,3731,high_opportunity
client_20259bd6705d81d4,content_5fa2737c68998c2e,6.475585217425553,109043.0,3992,high_opportunity
client_20259bd6705d81d4,content_89c10d52fc81ac39,5.866736128860105,81777.0,5414,high_opportunity
client_20259bd6705d81d4,content_6c0351d021143c7a,4.641512837213035,86228.0,3272,high_opportunity
client_20259bd6705d81d4,content_5941f92782343e72,4.178179775172496,72724.0,3743,high_opportunity
client_20259bd6705d81d4,content_0adb360f9005b515,3.912682270807317,73165.0,3323,high_opportunity
client_20259bd6705d81d4,content_a2a286258ce3f1f8,3.8400567715530265,67703.0,3679,high_opportunity
client_20259bd6705d81d4,content_fd74df47e4e3ffc6,3.612701121423725,55091.0,4415,high_opportunity
client_20259bd6705d81d4,content_3c20261c0a7c01be,3.5551807370975457,65987.0,3413,high_opportunity
client_2094c6eb080311d5,content_f211a5ac663eecfc,8.62927683929959,9716.0,2029,high_opportunity
client_2094c6eb080311d5,content_b0075b5c59c1de56,7.932665532880948,8429.0,2914,high_opportunity
client_2094c6eb080311d5,content_f4e0818c879c1815,5.318911752744964,5860.0,2831,high_opportunity
client_2094c6eb080311d5,content_aad79dde38dce898,4.901287071049704,5867.0,2189,high_opportunity
client_2094c6eb080311d5,content_63eb9381a2e8b5fc,4.773057394183317,6051.0,1718,high_opportunity
client_2094c6eb080311d5,content_b908ad70e6eed353,4.290376369498179,4676.0,3059,high_opportunity
client_2094c6eb080311d5,content_d3b2fa9ea6547672,4.205382092002775,4839.0,2685,high_opportunity
client_2094c6eb080311d5,content_a3de5d2fdfae290d,4.0263824572009685,4814.0,2452,high_opportunity
client_2094c6eb080311d5,content_91d42f9fbe5b61dd,3.997379886084157,4508.0,2869,high_opportunity
client_2094c6eb080311d5,content_15770c63daac443b,3.3925787460716395,4017.0,2694,high_opportunity
client_23a62021009f63c4,content_44f34c0a90047651,9.599063473257225,302868.0,3495,high_opportunity
client_23a62021009f63c4,content_2690f62f39fb14fe,3.370537022781101,119404.0,3379,high_opportunity
client_23a62021009f63c4,content_e58e53897aa58cba,3.2948592720509837,111523.0,3903,high_opportunity
client_23a62021009f63c4,content_48eb41a492b8a15d,3.1501074854582547,110608.0,3589,high_opportunity
client_23a62021009f63c4,content_4fe94bdfd75c38f9,2.3977644346799787,55423.0,6645,high_opportunity
client_23a62021009f63c4,content_ccd385b8a22ac069,2.392909925632723,16177.0,10280,high_opportunity
client_23a62021009f63c4,content_8a90d7e70f492b85,2.38226668142807,33503.0,8640,high_opportunity
client_23a62021009f63c4,content_a872fe0e05536717,2.371258444027875,48656.0,7201,high_opportunity
client_23a62021009f63c4,content_fcd637c7229d1e3c,2.328494948393696,75722.0,4567,high_opportunity
client_23a62021009f63c4,content_4ae1505344734f99,2.223258250787282,40190.0,7580,high_opportunity
client_3197e6291363b4db,content_0cfa3d9d68583bf1,23.17165029619221,93617.0,2990,high_opportunity
client_3197e6291363b4db,content_d6a559d9a93a3eac,13.426246016842773,52924.0,3570,high_opportunity
client_3197e6291363b4db,content_1073e371db6e53c4,11.373027473116853,48513.0,1505,high_opportunity
client_3197e6291363b4db,content_c128c2be614b343e,9.860082343543867,38555.0,3508,high_opportunity
client_3197e6291363b4db,content_daac9ae9039aedaf,6.923214742377739,26731.0,3452,high_opportunity
client_3197e6291363b4db,content_33c141e04352003a,6.62600947499397,25124.0,3662,high_opportunity
client_3197e6291363b4db,content_fe23b3e18cbba10a,5.992328698259306,22938.0,3458,high_opportunity
client_3197e6291363b4db,content_93d76695da196fdf,5.701153233286359,21974.0,3343,high_opportunity
client_3197e6291363b4db,content_a226e489c8929b7b,5.093028671151077,19142.0,3533,high_opportunity
client_3197e6291363b4db,content_acf9e20754cbb522,4.447033022084818,20185.0,1606,high_opportunity
client_3f0ce4d44fe94f3d,content_41edf11c713a82f3,21.359863508940872,143.0,29341,high_opportunity
client_3f0ce4d44fe94f3d,content_0b628d4de0ca17cb,9.325285361904662,27061.0,2426,high_opportunity
client_3f0ce4d44fe94f3d,content_52bdc3b61b314bba,7.119992684842375,21129.0,2346,high_opportunity
client_3f0ce4d44fe94f3d,content_23d3ffd9b93c51b1,6.991229016001147,19207.0,3045,high_opportunity
client_3f0ce4d44fe94f3d,content_99e331f3466d8a9f,6.593295293046161,19609.0,2373,high_opportunity
client_3f0ce4d44fe94f3d,content_f79972e4438a9a03,6.08450445222748,17440.0,2712,high_opportunity
client_3f0ce4d44fe94f3d,content_7f1a82618d10b205,5.894293468733151,17513.0,2444,high_opportunity
client_3f0ce4d44fe94f3d,content_277e38945834136d,5.821569406991317,17616.0,2308,high_opportunity
client_3f0ce4d44fe94f3d,content_82c21bfe2038b88d,5.659002839985673,16702.0,2515,high_opportunity
client_3f0ce4d44fe94f3d,content_1bc14f25ea5989e0,5.550320691617693,16262.0,2577,high_opportunity
client_3ffa76342f366962,content_1e3fe83db5900a14,51.08291900618275,2873.0,,high_opportunity
client_3ffa76342f366962,content_67ae6123bdbf9081,44.06556772300293,2479.0,,high_opportunity
client_3ffa76342f366962,content_025a926ce6e87ba5,24.723325353629114,1393.0,,high_opportunity
client_3ffa76342f366962,content_f2cdc6c882083728,18.84584839055972,1063.0,,high_opportunity
client_3ffa76342f366962,content_16f77105ac4b5128,17.45723248393343,1992.0,726,high_opportunity
client_3ffa76342f366962,content_b9b011826cf38a50,15.372793821473262,868.0,,high_opportunity
client_3ffa76342f366962,content_25aac3e5439711c6,13.690020969161603,1554.0,868,high_opportunity
client_3ffa76342f366962,content_8f3c7156f2699c05,11.034199822909086,1270.0,733,high_opportunity
client_3ffa76342f366962,content_c7d78104b5d22f21,10.955780831045354,620.0,,high_opportunity
client_3ffa76342f366962,content_4ba413a3527f8227,10.923249070409211,1058.0,2626,high_opportunity
client_400c21c81c8b46ef,content_4a8757337de2cc1f,8.492464173090779,17808.0,1501,high_opportunity
client_400c21c81c8b46ef,content_fbfecfbacfe7b2f2,6.631109855150459,13620.0,1887,high_opportunity
client_400c21c81c8b46ef,content_382ce19bd9061566,6.592563166238542,13767.0,1721,high_opportunity
client_400c21c81c8b46ef,content_e53f6f0bd5ba4c51,6.024238849251575,12386.0,1915,high_opportunity
client_400c21c81c8b46ef,content_ad0bee7098ad05e6,6.014599477602162,13040.0,1414,high_opportunity
client_400c21c81c8b46ef,content_073eeab0107ad398,5.415361015166575,11187.0,1914,high_opportunity
client_400c21c81c8b46ef,content_1ede927e2ed13bbf,4.917789779751763,10867.0,1422,high_opportunity
client_400c21c81c8b46ef,content_424c1288159ef9b1,4.421884743810364,9391.0,1793,high_opportunity
client_400c21c81c8b46ef,content_ad3f45525826c87d,3.66911420016485,7864.0,1825,high_opportunity
client_400c21c81c8b46ef,content_9a8218c1d20a460d,3.168171229331537,7176.0,1602,high_opportunity
client_59256b0571e0c970,content_d58f9834ef48e26e,6.387683548054785,276.0,2132,high_opportunity
client_62f4a7e64f5e0096,content_acbcc847f8996314,23.9792363055377,202211.0,,high_opportunity
client_62f4a7e64f5e0096,content_f107e54b10b43725,20.04548116112193,169552.0,,high_opportunity
client_62f4a7e64f5e0096,content_16b0867e41920435,18.546007270530303,157103.0,,high_opportunity
client_62f4a7e64f5e0096,content_f352b7cfd0b2f434,15.989229033275224,135876.0,,high_opportunity
client_62f4a7e64f5e0096,content_7c6373141eae744a,13.344884122515438,113922.0,,high_opportunity
client_62f4a7e64f5e0096,content_b99ea6861864dea5,12.532499493739753,212431.0,2680,high_opportunity
client_62f4a7e64f5e0096,content_5cba08de8c1804bd,9.711288744776054,83755.0,,high_opportunity
client_62f4a7e64f5e0096,content_1b35d0be32954ffe,9.595898272674939,82797.0,,high_opportunity
client_62f4a7e64f5e0096,content_cb6d4179551785be,9.539889327448407,82332.0,,high_opportunity
client_62f4a7e64f5e0096,content_70d006fa5dc92f80,9.425462450103877,81382.0,,high_opportunity
client_65de48885f4ef01b,content_c4e37fe07194a327,11.448952428096762,9259.0,,high_opportunity
client_65de48885f4ef01b,content_5520ddd5ea851f76,11.350535802608075,9180.0,,high_opportunity
client_65de48885f4ef01b,content_053f9ce7a81a1513,9.216514543593906,7467.0,,high_opportunity
client_65de48885f4ef01b,content_650ec476d1fd8770,8.927493567475233,7235.0,,high_opportunity
client_65de48885f4ef01b,content_8c021591c0def13d,7.839927566821777,6362.0,,high_opportunity
client_65de48885f4ef01b,content_80cfe3497ab31e95,7.7253158004298905,6270.0,,high_opportunity
client_65de48885f4ef01b,content_06d71a76597f2096,7.53595722986938,6118.0,,high_opportunity
client_65de48885f4ef01b,content_c9654c103d139142,7.459964645631281,6057.0,,high_opportunity
client_65de48885f4ef01b,content_bc70ab7b881957d3,6.987813999299482,5678.0,,high_opportunity
client_65de48885f4ef01b,content_6b1e54f0a298f167,6.855761311934916,5572.0,,high_opportunity
client_73cda7b4e4f265ea,content_fec55986a1868d62,39.14571750507651,118018.0,,high_opportunity
client_73cda7b4e4f265ea,content_8e1334d6356668e3,23.7027873633955,71863.0,,high_opportunity
client_73cda7b4e4f265ea,content_f43118e089ecc69a,20.902281994835864,63493.0,,high_opportunity
client_73cda7b4e4f265ea,content_e241d6415ac9e534,20.805920519788653,63205.0,,high_opportunity
client_73cda7b4e4f265ea,content_33d31496fca9665e,12.422806779136119,38150.0,,high_opportunity
client_73cda7b4e4f265ea,content_987d251ee617d9c6,11.240030141290369,68315.0,2728,high_opportunity
client_73cda7b4e4f265ea,content_57dcb96896f9a33c,10.245974290743167,31644.0,,high_opportunity
client_73cda7b4e4f265ea,content_80eb6221de550658,10.154297054066305,31370.0,,high_opportunity
client_73cda7b4e4f265ea,content_00d4fdf6e48a2d38,10.098742946930146,60110.0,2909,high_opportunity
client_73cda7b4e4f265ea,content_e9f2d0579387d3c3,9.902351947432445,30617.0,,high_opportunity
client_7eafe750768f0ac2,content_4f456efbd227a12e,4.646164713739518,376.0,2430,high_opportunity
client_7eafe750768f0ac2,content_87805bd94366b741,3.588730120897146,300.0,2450,high_opportunity
client_7eafe750768f0ac2,content_77cd6392fefbb9ac,2.030898849161148,180.0,2523,high_opportunity
client_7eafe750768f0ac2,content_29cb1f0f2e6e506e,1.6340335656646858,89.0,2869,high_opportunity
client_7eafe750768f0ac2,content_094259d13e865b9e,1.628027246113287,43.0,3116,high_opportunity
client_7eafe750768f0ac2,content_15664705e10aba51,1.2903122645748863,81.0,2785,high_opportunity
client_7eafe750768f0ac2,content_26705bf6e0a54032,1.2235540853776328,29.0,3042,high_opportunity
client_7eafe750768f0ac2,content_3ef4b0362a394632,1.1801253116059591,24.0,3053,high_opportunity
client_7eafe750768f0ac2,content_4bb719c2c0bde2fa,1.021719240516949,8.0,3081,high_opportunity
client_7eafe750768f0ac2,content_750a0027a658f395,0.978537969258497,75.0,2702,high_opportunity
client_86ebc2f12c01f586,content_175bd53b37ef22c5,3.9305932391403866,5753.0,2896,high_opportunity
client_86ebc2f12c01f586,content_a677beecbfffe6f0,1.9778403317325186,3106.0,2848,high_opportunity
client_86ebc2f12c01f586,content_c7c640cf807f8bc1,1.9160372834553256,2734.0,3043,high_opportunity
client_86ebc2f12c01f586,content_0c7b9df71a170543,1.7097460692088695,2224.0,3195,high_opportunity
client_86ebc2f12c01f586,content_f93cf81d5564765d,1.6517824788313564,2642.0,2855,high_opportunity
client_86ebc2f12c01f586,content_34e99efcd2f82ed8,1.3252410602118299,1664.0,3212,high_opportunity
client_86ebc2f12c01f586,content_1b05f7d1200c57ab,1.3044490818615206,1616.0,3225,high_opportunity
client_86ebc2f12c01f586,content_aebf27dbd9d71df1,1.0975888308873225,1774.0,2921,high_opportunity
client_86ebc2f12c01f586,content_48881529a73212f0,1.0661029660881678,507.0,3755,high_opportunity
client_86ebc2f12c01f586,content_926b944f3cd88dfb,1.029573541656727,3190.0,1891,high_opportunity
client_9958f0a7ae1df715,content_cd3d932d4e1c8db0,17.20596624544375,89874.0,3222,high_opportunity
client_9958f0a7ae1df715,content_ef1caed111f80858,9.014766172855472,46651.0,3040,high_opportunity
client_9958f0a7ae1df715,content_237e63fc00c8c7ad,4.739631441483863,27577.0,2626,high_opportunity
client_9958f0a7ae1df715,content_0f3935162546a965,3.635654711104927,23297.0,2460,high_opportunity
client_9958f0a7ae1df715,content_55a98b7d2d57f97d,3.0840228315043343,12966.0,3127,high_opportunity
client_9958f0a7ae1df715,content_f3935da5cb4d9e0f,3.0613873471744477,9343.0,,high_opportunity
client_9958f0a7ae1df715,content_d002aeb55eb1e757,3.0038105305985496,12993.0,3084,high_opportunity
client_9958f0a7ae1df715,content_dad71ac028d6a94b,2.671272275344887,14686.0,2761,high_opportunity
client_9958f0a7ae1df715,content_646653475082a415,2.636857991565667,7177.0,3431,high_opportunity
client_9958f0a7ae1df715,content_3fd23f597ba43dab,2.4660649971408057,7141.0,3348,high_opportunity
client_9d54435aabd95a6c,content_2d6f20fa4c390b1b,13.544539986216456,560.0,2645,high_opportunity
client_9d54435aabd95a6c,content_407abeb72688a528,5.908031717313705,212.0,3228,high_opportunity
client_9d54435aabd95a6c,content_39443ed85a33f2bf,2.1755190896745065,47.0,3437,high_opportunity
client_9d54435aabd95a6c,content_34876596f1b057d9,1.8666512397320485,86.0,2669,high_opportunity
client_9d54435aabd95a6c,content_67455216e1a4b427,1.6982936991778552,46.0,3164,high_opportunity
client_9d54435aabd95a6c,content_3bef591630652a1e,1.65519826009655,81.0,2616,high_opportunity
client_9d54435aabd95a6c,content_324839013eebeb5a,1.6502256824147334,81.0,2613,high_opportunity
client_9d54435aabd95a6c,content_b74255a46752b7ea,1.5495428037576682,78.0,2597,high_opportunity
client_9d54435aabd95a6c,content_9c0bc3818d4b394c,1.262127298594243,1.0,3572,high_opportunity
client_9d54435aabd95a6c,content_49943a888ac48ec3,1.2472095655487936,1.0,3563,high_opportunity
client_a2eeb8899886adde,content_eaccd7441ee37d02,10.48612748906785,6613.0,1994,high_opportunity
client_a2eeb8899886adde,content_9defca86778485fe,5.995469364656271,3981.0,1381,high_opportunity
client_a2eeb8899886adde,content_72c3b2bd5dcb6917,5.130273395569503,3466.0,1289,high_opportunity
client_a2eeb8899886adde,content_dcfce357eb2249c5,2.407538331531993,1599.0,1813,high_opportunity
client_a2eeb8899886adde,content_ac76d7edfd32d994,1.7652898851861407,27.0,5674,high_opportunity
client_a2eeb8899886adde,content_5151ea5387709689,1.6764271879144652,10.0,5546,high_opportunity
client_a2eeb8899886adde,content_68d40eb557e2a295,1.4972448136783834,42.0,5069,high_opportunity
client_a2eeb8899886adde,content_e183cf4791cc9e5f,1.4759590848393325,2.0,5157,high_opportunity
client_a2eeb8899886adde,content_6622c46f8885974f,1.465254070160146,8.0,5115,high_opportunity
client_a2eeb8899886adde,content_add51fcd1b4dfbc9,1.459931927668523,107.0,4777,high_opportunity
client_a80fca3f171ed1de,content_046fc480045b88f5,16.653066630860852,83788.0,2700,high_opportunity
client_a80fca3f171ed1de,content_9540d884af3e41fd,16.063189602430253,79292.0,2859,high_opportunity
client_a80fca3f171ed1de,content_f0703fc6ae385591,12.94409957749168,63104.0,2936,high_opportunity
client_a80fca3f171ed1de,content_599eba17030c875c,8.760580942354357,43788.0,2798,high_opportunity
client_a80fca3f171ed1de,content_24eff544c5dbf498,7.482181392187172,39304.0,2613,high_opportunity
client_a80fca3f171ed1de,content_3c336c8d6c5cc15d,5.746220172097414,28098.0,2877,high_opportunity
client_a80fca3f171ed1de,content_a280a6598b46e6b3,5.70041917564794,27802.0,2884,high_opportunity
client_a80fca3f171ed1de,content_fedf28b709442312,5.396073399537986,25870.0,2927,high_opportunity
client_a80fca3f171ed1de,content_cb0a771e574ebe26,5.133208875219071,25474.0,2836,high_opportunity
client_a80fca3f171ed1de,content_454d3e5e51175aff,5.020285795396092,26028.0,2724,high_opportunity
client_b10cb2997d0c7c86,content_4257d1459eb1fdd1,22.657474263699545,75042.0,3713,high_opportunity
client_b10cb2997d0c7c86,content_e32ff455bb56bf8f,15.32323673218783,53326.0,1360,high_opportunity
client_b10cb2997d0c7c86,content_b2cb68466ab4baa4,5.507531851501395,19985.0,1840,high_opportunity
client_b10cb2997d0c7c86,content_9c308382f7af9b21,4.903131516579623,18535.0,1358,high_opportunity
client_b10cb2997d0c7c86,content_3fc6429cab08e852,3.797935384024063,14794.0,1401,high_opportunity
client_b10cb2997d0c7c86,content_81b0e55d15c54eb1,3.3434558511184984,10094.0,4101,high_opportunity
client_b10cb2997d0c7c86,content_81374f56bf6d815d,3.1821515143141212,9533.0,4120,high_opportunity
client_b10cb2997d0c7c86,content_58ab5910b965bcea,3.0433178882301757,287.0,11571,high_opportunity
client_b10cb2997d0c7c86,content_9bab6480d00c9c0a,2.6820516967179864,7572.0,4367,high_opportunity
client_b10cb2997d0c7c86,content_e0dbe8ecfec727f9,2.4396328149830913,10156.0,1488,high_opportunity
client_b77d0d5f08f05e64,content_0b90a011c880d1f5,8.872170022606527,4442.0,2767,high_opportunity
client_b77d0d5f08f05e64,content_50868f08d9b46509,7.364303696285383,4269.0,2210,high_opportunity
client_b77d0d5f08f05e64,content_ec0f5c64cc46647c,2.751934218690926,512.0,3627,high_opportunity
client_b77d0d5f08f05e64,content_971624731b372f08,2.304153580379183,816.0,3118,high_opportunity
client_b77d0d5f08f05e64,content_4ca04d4492fd9066,2.110070485603061,310.0,3514,high_opportunity
client_b77d0d5f08f05e64,content_50548684e3410afb,1.8784984557826743,709.0,3017,high_opportunity
client_b77d0d5f08f05e64,content_7de8d022d6b212a5,1.5646352210510495,581.0,2990,high_opportunity
client_b77d0d5f08f05e64,content_248ca1dc73857aa3,1.4473653949409382,48.0,3449,high_opportunity
client_b77d0d5f08f05e64,content_0fefcd01b116768d,1.3290626284682558,103.0,3339,high_opportunity
client_b77d0d5f08f05e64,content_b6e27273d9dab16d,1.285996473718978,184.0,3240,high_opportunity
client_ba65e80a1116ae41,content_af4c446a3c83ba1c,20.593394133573128,121.0,1301,high_opportunity
client_ba65e80a1116ae41,content_1b2f4552d1ec775a,17.529018162180783,103.0,1440,high_opportunity
client_ba65e80a1116ae41,content_e034a3c755b1910e,12.281489322586843,73.0,1314,high_opportunity
client_ba65e80a1116ae41,content_d57a8edc2475c81b,11.960825152950742,71.0,1380,high_opportunity
client_ba65e80a1116ae41,content_ef90b624df77952f,11.252058280749313,67.0,1340,high_opportunity
client_ba65e80a1116ae41,content_ee481ab262a9f985,10.286929095890807,61.0,1530,high_opportunity
client_ba65e80a1116ae41,content_b483f14a88e2c85f,9.405283435070542,56.0,1491,high_opportunity
client_ba65e80a1116ae41,content_d1d3c828e9502879,8.030094815995337,48.0,1519,high_opportunity
client_ba65e80a1116ae41,content_18407f73a6bf61e4,7.72924818299814,39.0,4729,high_opportunity
client_ba65e80a1116ae41,content_3d4fc6700a98b2f3,7.596362012744307,38.0,4832,high_opportunity
client_c182d11e4862a37d,content_cfb3278abccdb93c,11.392664100499138,44439.0,1436,high_opportunity
client_c182d11e4862a37d,content_d2eb49b1f5f3fa34,9.15077490336649,18422.0,,high_opportunity
client_c182d11e4862a37d,content_468c6397d84e8e79,8.297117815521547,16763.0,,high_opportunity
client_c182d11e4862a37d,content_40da3f034b72d3c3,6.287756195247585,12858.0,,high_opportunity
client_c182d11e4862a37d,content_f4a0e5c90b283626,5.561710293530156,11447.0,,high_opportunity
client_c182d11e4862a37d,content_91e3690e4b7da003,5.395507014823757,11124.0,,high_opportunity
client_c182d11e4862a37d,content_9f33862e16dc95c1,4.5948497341204835,9568.0,,high_opportunity
client_c182d11e4862a37d,content_4807bc66fdf52428,4.099327265407596,8605.0,,high_opportunity
client_c182d11e4862a37d,content_cb050d62c413425b,3.7911050860108992,8006.0,,high_opportunity
client_c182d11e4862a37d,content_98648444f3cc6e80,3.6583482875395337,7748.0,,high_opportunity
client_ccdd78843409c8c7,content_b5d3189776bb5a7e,7.132802969914502,1734.0,2968,high_opportunity
client_ccdd78843409c8c7,content_8162ca2898bece24,3.1239225949454683,957.0,2616,high_opportunity
client_ccdd78843409c8c7,content_ace60a877c14d8a0,2.570838431664451,671.0,2834,high_opportunity
client_ccdd78843409c8c7,content_7295f190e57822f7,1.810974412134491,593.0,2664,high_opportunity
client_ccdd78843409c8c7,content_686a696d706d86c9,1.783755722903051,348.0,3019,high_opportunity
client_ccdd78843409c8c7,content_9395578684de6fcd,1.7795493978419863,139.0,3329,high_opportunity
client_ccdd78843409c8c7,content_db42f17c15994047,1.7458244042850417,598.0,2632,high_opportunity
client_ccdd78843409c8c7,content_d1af41c825526962,1.6768785121554273,268.0,3098,high_opportunity
client_ccdd78843409c8c7,content_fb659b2d7a81dfb2,1.63009218640727,391.0,2897,high_opportunity
client_ccdd78843409c8c7,content_ed29f219c8b36a10,1.4699739971551737,372.0,2865,high_opportunity
client_cd12bcfd98942aa1,content_99fc6465edb0e52c,23.74485146749103,5084.0,3338,high_opportunity
client_cd12bcfd98942aa1,content_b732c6553189c45a,8.939373567718548,1996.0,2843,high_opportunity
client_cd12bcfd98942aa1,content_91161edcdfa9a31a,7.8490842108132455,1635.0,4150,high_opportunity
client_cd12bcfd98942aa1,content_b7414c1b58b00be8,6.338717351980063,1147.0,5839,high_opportunity
client_cd12bcfd98942aa1,content_78f0775359fc8b6a,5.099589146187014,1176.0,2907,high_opportunity
client_cd12bcfd98942aa1,content_ee54d19faedd8bd9,4.5997832235041685,1051.0,3099,high_opportunity
client_cd12bcfd98942aa1,content_2974c214ff960e10,4.262787646693219,996.0,2934,high_opportunity
client_cd12bcfd98942aa1,content_ffb125afa16bb473,3.7959022981163706,713.0,4785,high_opportunity
client_cd12bcfd98942aa1,content_89bc7b722d47b4a3,3.7774590591453694,904.0,2825,high_opportunity
client_cd12bcfd98942aa1,content_71cf6907992229d9,3.669271560097521,841.0,3228,high_opportunity
client_d211cb07b9059bab,content_dee34e8c8d6d3d34,9.765717867609617,1210.0,1723,high_opportunity
client_d211cb07b9059bab,content_81028f7bce06c3ef,9.574677546242594,1200.0,1665,high_opportunity
client_d211cb07b9059bab,content_b443319a5a24f8a0,8.72577268858645,1142.0,1461,high_opportunity
client_d211cb07b9059bab,content_c5344750547d8766,6.814652808380737,923.0,1352,high_opportunity
client_d211cb07b9059bab,content_19a93c03527e0ee5,6.316967963747871,802.0,1577,high_opportunity
client_d211cb07b9059bab,content_ab00737014da66a6,3.6323031338242164,435.0,1659,high_opportunity
client_d211cb07b9059bab,content_1dd7eab22ebaa5eb,3.508516750803224,390.0,1774,high_opportunity
client_d211cb07b9059bab,content_af590b31321881a8,3.2360925952747235,472.0,1310,high_opportunity
client_d211cb07b9059bab,content_0a3dbc35519aaf88,3.2122498570305225,451.0,1381,high_opportunity
client_d211cb07b9059bab,content_df05b8c62b733c70,2.752939820812913,186.0,2196,high_opportunity
client_def0955f7a377868,content_c9a4cf8750925d39,12.761681554006183,4445.0,1506,high_opportunity
client_def0955f7a377868,content_ccb14d584952acf8,4.908877252556864,1721.0,1661,high_opportunity
client_def0955f7a377868,content_189778fce760117c,3.7973368733902833,1528.0,1394,high_opportunity
client_def0955f7a377868,content_dd0a97b44d3ee679,2.4239757713059555,1089.0,1365,high_opportunity
client_def0955f7a377868,content_f6b3f32d9f0bb467,2.243647532224129,369.0,2355,high_opportunity
client_def0955f7a377868,content_e811cfc58e60c34f,2.1880468011149197,757.0,1745,high_opportunity
client_def0955f7a377868,content_ef6f1889190b1ffd,1.9933326901191208,760.0,1643,high_opportunity
client_def0955f7a377868,content_100749a03eb45cf3,1.9290980093097336,360.0,2211,high_opportunity
client_def0955f7a377868,content_eebb361dd5ad6708,1.7605853316889153,655.0,1684,high_opportunity
client_def0955f7a377868,content_46cc029dc26b911a,1.7572415062551814,230.0,2320,high_opportunity
client_e547b89c05043229,content_eadb33b5df496f4a,22.551705662062666,830289.0,2753,high_opportunity
client_e547b89c05043229,content_4ffe18112a5642e3,8.449532889344058,299924.0,3097,high_opportunity
client_e547b89c05043229,content_0e03de7680314cd5,7.1968272909918545,265009.0,2784,high_opportunity
client_e547b89c05043229,content_8d7d99f109e19aa2,6.608654263894982,239457.0,2895,high_opportunity
client_e547b89c05043229,content_21309e9a83c83653,6.487153359149723,294675.0,1214,high_opportunity
client_e547b89c05043229,content_60ffc60f92ae4b26,5.778312430212001,208806.0,2899,high_opportunity
client_e547b89c05043229,content_306bc78dff1eb683,5.438870831260019,209506.0,2528,high_opportunity
client_e547b89c05043229,content_545bb6cc7081ded3,4.692807647808254,172046.0,2811,high_opportunity
client_e547b89c05043229,content_a4ffb46244c68d04,4.558963154319321,174229.0,2611,high_opportunity
client_e547b89c05043229,content_963de14b1f58978f,4.480703744136583,166596.0,2745,high_opportunity
client_e5c2aa26a8598242,content_ef7013c86d07aa99,8.517944944770273,93743.0,2838,high_opportunity
client_e5c2aa26a8598242,content_4977e90c4d93cf9f,6.30893092391154,69569.0,2966,high_opportunity
client_e5c2aa26a8598242,content_47a1c9848bdaad11,5.4599065331002326,63285.0,2609,high_opportunity
client_e5c2aa26a8598242,content_ee14e7d8222b66b8,5.223466779596954,59459.0,2790,high_opportunity
client_e5c2aa26a8598242,content_fbbf1f682ae5c5da,4.432756179927054,50738.0,2845,high_opportunity
client_e5c2aa26a8598242,content_503e635a5e38a1ce,3.9703763807545727,47779.0,2588,high_opportunity
client_e5c2aa26a8598242,content_c638f20a9f2e23c9,3.9550007584552613,23505.0,5845,high_opportunity
client_e5c2aa26a8598242,content_7fc1b5f54cf35d7e,3.7737867193339483,32016.0,4438,high_opportunity
client_e5c2aa26a8598242,content_5b72e8a6a93ca989,3.756083040237473,43601.0,2848,high_opportunity
client_e5c2aa26a8598242,content_81e96cbef960ea81,3.694790553292072,43075.0,2832,high_opportunity
client_f623b01661d4bfe4,content_b5bef91d1b43e20c,25.527409033616276,22438.0,1108,high_opportunity
client_f623b01661d4bfe4,content_24a12e5e6a9fa69a,13.695866078825778,12360.0,1022,high_opportunity
client_f623b01661d4bfe4,content_30352f0b93c8b98d,10.941883619699906,10095.0,844,high_opportunity
client_f623b01661d4bfe4,content_f2e852c493baaa19,9.261604308120656,8613.0,931,high_opportunity
client_f623b01661d4bfe4,content_a47fd3545d1a68c6,7.660779299358667,7178.0,1059,high_opportunity
client_f623b01661d4bfe4,content_ed1bd5af6c187f6f,6.362310157012598,6127.0,942,high_opportunity
client_f623b01661d4bfe4,content_369b08251e576487,4.8117240915670925,4758.0,1025,high_opportunity
client_f623b01661d4bfe4,content_7b50820e76b1a006,3.571084209322383,3647.0,1122,high_opportunity
client_f623b01661d4bfe4,content_4ae3607e3e51b9ba,2.652262587287073,2930.0,987,high_opportunity
client_f623b01661d4bfe4,content_8427145e06001c07,2.1899503193131724,2358.0,1332,high_opportunity
client_fef1a8f436438636,content_84a6bf3578312e90,12.816823320211595,79211.0,2776,high_opportunity
client_fef1a8f436438636,content_ba462518dad435fc,12.193293777885724,75496.0,2725,high_opportunity
client_fef1a8f436438636,content_e3496dac741da4f9,9.99319273731216,62297.0,2564,high_opportunity
client_fef1a8f436438636,content_ab300b5174b5ddc2,8.593846406558715,28577.0,,high_opportunity
client_fef1a8f436438636,content_7a0a59b4cb181ab9,8.317101070582455,50821.0,2738,high_opportunity
client_fef1a8f436438636,content_a375f8194e4dc41f,8.022797713528133,26764.0,,high_opportunity
client_fef1a8f436438636,content_8028c5009353ea97,7.897752853553978,26367.0,,high_opportunity
client_fef1a8f436438636,content_0aaa197051f58d6f,7.373635738123834,53211.0,988,high_opportunity
client_fef1a8f436438636,content_0717da99fbd8c274,7.301984658693132,44155.0,2784,high_opportunity
client_fef1a8f436438636,content_811c0e6db6e2cb7b,7.118874787342473,42341.0,2920,high_opportunity
client_ff644d8251367cbb,content_ad81eee3c0435e0b,22.113527415687795,59815.0,,high_opportunity
client_ff644d8251367cbb,content_3dfecc52d2d04323,17.2051999959206,46687.0,,high_opportunity
client_ff644d8251367cbb,content_48fba5105ba54ff8,16.871323062202432,45794.0,,high_opportunity
client_ff644d8251367cbb,content_334f913ff3c3bc76,15.84613767333881,43052.0,,high_opportunity
client_ff644d8251367cbb,content_367cf9cf9889c104,13.713886662146525,37349.0,,high_opportunity
client_ff644d8251367cbb,content_bc37258914fb2c00,11.702773530601146,31970.0,,high_opportunity
client_ff644d8251367cbb,content_6f74e769718fbab0,11.385347420044903,31121.0,,high_opportunity
client_ff644d8251367cbb,content_287acdd1a78222e6,10.553459203333903,28896.0,,high_opportunity
client_ff644d8251367cbb,content_21d1d95ab9ff29d0,9.78550486754766,26842.0,,high_opportunity
client_ff644d8251367cbb,content_5390a6ce2b6498a8,9.755594279980523,26762.0,,high_opportunity
